{"cameraMode":{"drawMode":0,"name":"Shaded","section":"Shading Mode"},"sceneLighting":true,"audioPlay":false,"sceneViewState":{"m_AlwaysRefresh":false,"showFog":true,"showSkybox":true,"showFlares":true,"showImageEffects":true,"showParticleSystems":true,"showVisualEffectGraphs":true,"m_FxEnabled":true},"in2DMode":false,"pivot":{"x":1.317847728729248,"y":1.984917402267456,"z":38.73700714111328},"rotation":{"x":-0.0038265790790319444,"y":-0.9693381786346436,"z":-0.015124634839594365,"w":0.24523799121379853},"size":1.5252379179000855,"orthographic":false}