{"cameraMode":{"drawMode":0,"name":"Shaded","section":"Shading Mode"},"sceneLighting":true,"audioPlay":false,"sceneViewState":{"m_AlwaysRefresh":false,"showFog":true,"showSkybox":true,"showFlares":true,"showImageEffects":true,"showParticleSystems":true,"showVisualEffectGraphs":true,"m_FxEnabled":true},"in2DMode":false,"pivot":{"x":-0.48428037762641909,"y":3.295349359512329,"z":3.1821680068969728},"rotation":{"x":0.1980901062488556,"y":-0.02940056473016739,"z":0.00594449182972312,"w":0.9797245860099793},"size":13.05484676361084,"orthographic":true}